id,title,typeSort,typeTrue1,link,description1,dateTrue1,dateSort,date,primaryImage,filename1,Movement
edanmdm-nmaahc_2016.149.1,Missouri Democratic Ticket for the United States Presidential Election of 1868,other,Ballots,https://nmaahc.si.edu/object/nmaahc_2016.149.1,"A Missouri Democratic ticket for the United States presidential election of 1868. The ticket is printed on white paper in black ink with varying fonts. The top third of the ticket reads, [DEMOCRATIC TICKET. / In Favor of a White Man’s Government / Opposed to Negro Suffrage and Negro Equality / FOR PRESIDENT, / HORATIO SEYMOUR. / FOR VICE PRESIDENT, / FRANK P. BLAIR, JR.]. Below are the democratic nominees for presidential electors. The middle third of the ticket, is the state ticket, and includes the Democratic nominee for Governor, John S. Phelps, as well as the nominees for Lieutenant Governor, Secretary of State, Attorney General, Treasurer, Register of Lands, and the Supreme Court of Missouri. Below is the name Charles B. McAfee, a nominee for congress, as well as Judge Circuit Court, Prosecuting Attorney, and State Senator. On the bottom third of the ticket are the Democratic nominees for the county ticket. An inscription in pencil on the back in the top left corner reads, [1822 / Grant].",1868,1868,2010,https://ids.si.edu/ids/deliveryService?id=NMAAHC-2016_149_1_001&max=300,NMAAHC-2016_149_1_001.jpg,Pan Africanism
edanmdm-nmaahc_2011.57.9,Poster for the NAACP anti-lynching campaign,posters,Posters,https://nmaahc.si.edu/object/nmaahc_2011.57.9,"An anti-lynching poster distributed by the NAACP. The poster consists of black text on brown paper. The title at the top reads [FOR THE GOOD OF AMERICA"" and the text continues with headings in large text including [3436 People Lynched, 1889 to 1922] and [Is Rape the ""Cause"" of Lynching?]. There are no inscriptions, front or back.",1922,1922,1920,https://ids.si.edu/ids/deliveryService?id=NMAAHC-2011_57_9_001&max=300,NMAAHC-2011_57_9_001.jpg,Anti-Lynching Movement
edanmdm-nmaahc_2010.55.32,Imperialism Destroys the People of Africa,pamphlets,Pamphlets,https://nmaahc.si.edu/object/nmaahc_2010.55.32,"A pamphlet written by James W. Ford on imperialism in Africa. The cover features black print on yellowed paper. At center, a black and white photograph of James W. Ford. The interior consists of fifteen pages of text. The back cover features other pamphlet in the ""Series on Negro Problems.""",ca. 1931,1931,1920,https://ids.si.edu/ids/deliveryService?id=NMAAHC-2010_55_32_001&max=300,NMAAHC-2010_55_32_001.jpg,Pan Africanism
edanmdm-nmaahc_2012.46.35,Pinback button for the Scottsboro United Front Defense,buttons,Buttons (information artifacts),https://nmaahc.si.edu/object/nmaahc_2012.46.35,"Small circular pinback button with black text on an off-white background. At the center of the button is the message ""I Gave to Save the Scottsboro Boys"" with the union label of the Allied Printing Trades Council fo Baltimore. The folowing text surrounds the outer rim of the button: ""Negro & White Workers Unite!""/""Scottsboro United Front Defense"".",1931-1932,1931,1930,https://ids.si.edu/ids/deliveryService?id=NMAAHC-2012_46_35_001&max=300,NMAAHC-2012_46_35_001.jpg,Anti-Lynching Movement
edanmdm-nmaahc_2012.86,Pinback button supporting the Scottsboro Boys,buttons,Buttons (information artifacts),https://nmaahc.si.edu/object/nmaahc_2012.86,A circular pin-back button with red typeface and a graphic of two arms (representing the International Labor Defense) bending open prison bars with nine men's busts below. Red type at the top reads: [SAVE / THE / SCOTTSBORO / BOYS]. The back of the pin has a paper backing with handwriting and print that reads: [5383 / Eagle Regalia Co / 298 Broadway / New York]. A logo of the maker is below the type.,1931,1931,1930,https://ids.si.edu/ids/deliveryService?id=NMAAHC-2B97AEBC39EE2_5001&max=300,NMAAHC-2B97AEBC39EE2_5001.jpg,Anti-Lynching Movement
edanmdm-nmaahc_2010.55.39,They Shall Not Die!: Stop the Legal Lynching!: The Story of Scottsboro in Pictures,pamphlets,Pamphlets,https://nmaahc.si.edu/object/nmaahc_2010.55.39,"A pamphlet printed on white paper in black ink with the words “They Shall Not Die! / Stop the Legal Lynching! / The Story of Scottsboro in Pictures” printed at the top. The image at center of the cover depicts a black man and a white man chopping down a tree labeled LYNCHING. The date, publisher and illustrator’s name are listed in the bottom left corner of the pamphlet.",1932,1932,1930,https://ids.si.edu/ids/deliveryService?id=NMAAHC-2010_55_39_001&max=300,NMAAHC-2010_55_39_001.jpg,Anti-Lynching Movement
edanmdm-nmaahc_2011.159.3.12,Pinback button for N.A.A.C.P. Legal Defense Fund anti-lynching campaign,buttons,Buttons (information artifacts),https://nmaahc.si.edu/object/nmaahc_2011.159.3.12,"A blue and white circular pinback button. The top half reads ""STOP LYNCHING"" in white on blue background; the lower half reads ""N.A.A.C.P. / LEGAL DEFENSE FUND"" in blue on a white background.",1940s,1940,1940,https://ids.si.edu/ids/deliveryService?id=NMAAHC-2011_159_3_12_001&max=300,NMAAHC-2011_159_3_12_001.jpg,Anti-Lynching Movement
edanmdm-nmaahc_2013.201.1.23.7,Pinback button for the Black National Political Convention,buttons,Buttons (information artifacts),https://nmaahc.si.edu/object/nmaahc_2013.201.1.23.7,Black National Political Convention button.,mid 20th century,1940,1940,https://ids.si.edu/ids/deliveryService?id=NMAAHC-2013_201_1_23h_001&max=300,NMAAHC-2013_201_1_23h_001.jpg,Civil Rights Movement
edanmdm-nmaahc_2013.201.1.25,Pinback button promoting black unity,buttons,Buttons (information artifacts),https://nmaahc.si.edu/object/nmaahc_2013.201.1.25,"Round pin-back button featuring central green image of the continent of Africa. Red type circles Africa and reads, [WE ARE AFRIKANS/WORKING FOR BLACK UNITY].",mid 20th century,1950,1950,https://ids.si.edu/ids/deliveryService?id=NMAAHC-2013_201_1_25_001&max=300,NMAAHC-2013_201_1_25_001.jpg,Civil Rights Movement
edanmdm-nmaahc_2017.14.11,"Flier for ""Prayer Pilgrimage for Freedom"" meeting at Enon Baptist Church",fliers,Ephemera,https://nmaahc.si.edu/object/nmaahc_2017.14.11,"Flier for a meeting in Baltimore for the “Prayer Pilgrimage for Freedom.” The yellowed flier has black printed text. The top of the flier reads [ON TO WASHINGTON - / JOIN THE / PRAYER PILGRIMAGE FOR FREEDOM / to WASHINGTON, D.C. MAY 17th, 1957]. Larger text below a line break reads [MASS MEETING / Tuesday, May 14, - 8 p.m.]. The location for the meeting is listed as Enon Baptist Church where attendees will [Hear the National Director, Dr. Thomas Kilgore Jr. / of New York City and Dr. David Licorish.] There is contact information for Rev. Luke G. Reynolds and Rev. Theodore Jackson. There are four (4) churches listed at the bottom where busses will depart for Washington, D.C. The round trip fare is $1.25. Printer information for [Wells Printers, 601-03 Dolphin Street, VErnon [sic]] is in small text at the bottom. The back is blank.",1957,1957,1970,https://ids.si.edu/ids/deliveryService?id=NMAAHC-2017_14_11_001&max=300,NMAAHC-2017_14_11_001.jpg,Black Lives Matter
edanmdm-nmaahc_2012.46.28,Sign about the integration of the Detroit Tigers,posters,Posters,https://nmaahc.si.edu/object/nmaahc_2012.46.28,"A large red and black hand-painted sign on paper mounted to a large piece of cardboard, with the message: [Mr. Rogell The Tigers Arent All White Anymore!].",1958,1958,1950,https://ids.si.edu/ids/deliveryService?id=NMAAHC-2012_46_28_001&max=300,NMAAHC-2012_46_28_001.jpg,Civil Rights Movement
edanmdm-nmaahc_2013.46.13.1,Flier with segregationist voting guide,fliers,Fliers (printed matter),https://nmaahc.si.edu/object/nmaahc_2013.46.13.1,"Small printed flyer. Black text on white paper. It reads [IF YOU WANT TO KEEP / OUR SCHOOLS SEGREGATED / VOTE / FOR REMOVAL / OF LAMB / MATSON / TUCKER / AGAINST REMOVAL / OF LASTER / McKINLEY / ROWLAND / THE MOTHER' LEAGUE / P.O. Box 3321 / Little Rock, Arkansas].",1959,1959,1970,https://ids.si.edu/ids/deliveryService?id=NMAAHC-2013_46_13_1_001&max=300,NMAAHC-2013_46_13_1_001.jpg,Black Power
edanmdm-nmaahc_2010.71.10,"Bumper sticker with the slogan One Man, One Vote",other,Bumper stickers,https://nmaahc.si.edu/object/nmaahc_2010.71.10,A blue bumper sticker with green and white print. Vertical text down the left side reads: [SNCC]. Text moving from left to right along the sticker reads: [ONE MAN x ONE VOTE].,1962 - 1965,1962,1960,https://ids.si.edu/ids/deliveryService?id=NMAAHC-2010_71_10_001&max=300,NMAAHC-2010_71_10_001.jpg,Civil Rights Movement
edanmdm-nmaahc_2010.45.3,March on Washington for Jobs and Freedom: Organizing Manual No. 2,pamphlets,Pamphlets,https://nmaahc.si.edu/object/nmaahc_2010.45.3,"A pamphlet, black print on yellowed paper. The text reads: [Final Plans for the MARCH ON WASHINGTON FOR JOBS AND FREEDOM].",1963,1963,1960,https://ids.si.edu/ids/deliveryService?id=NMAAHC-2010_45_3_front&max=300,NMAAHC-2010_45_3_front.jpg,Civil Rights Movement
edanmdm-nmaahc_2010.45.5,"""Liberator"" broadside advertising a bus trip to the 1963 March on Washington",other,Broadsides (notices),https://nmaahc.si.edu/object/nmaahc_2010.45.5,"Blue print on yellowed paper. At center, a drawing of a bus. The text reads, ""RIDE WITH THE LIBERATOR IN THE MARCH ON WASHINGTON WEDNESDAY AUGUST 28, 1963.""",1963,1963,1960,https://ids.si.edu/ids/deliveryService?id=NMAAHC-2010_45_5&max=300,NMAAHC-2010_45_5.jpg,Civil Rights Movement
edanmdm-nmaahc_2012.159.10,Pinback button for the 1963 March on Washington,buttons,Buttons (information artifacts),https://nmaahc.si.edu/object/nmaahc_2012.159.10,"A white pin-back button with black text. Around the edges of the front, on the top and bottom, is text surrounding more inner text. Inside the outside circle of text is the date for the March on Washington in 1963. [EMANCIPATION MARCH / AUGUST / 28 / 1963 / ON WASHINGTON]. On the reverse is a rectangular sticker with text [MLK I / HAVE A / DREAM / 912].",1963,1963,1960,https://ids.si.edu/ids/deliveryService?id=NMAAHC-2012_159_10_001&max=300,NMAAHC-2012_159_10_001.jpg,Civil Rights Movement
edanmdm-nmaahc_2012.159.4,Pinback button for the 1963 Freedom March,buttons,Buttons (information artifacts),https://nmaahc.si.edu/object/nmaahc_2012.159.4,"A white button with black text. A horizontal line runs across the bottom third of the button face separating text. Around the upper two-thirds of the button is text in an arc framing the text centered below. The text reads: [WASHINGTON D. C. FREEDOM MARCH / AUG. 28, 1963 / UNITED CIVIL RIGHTS / ORGANIZATIONS OF / AMERICA / FOR FREEDOM / ""ALL, HERE AND NOW""]. On the reverse is a rectangular, white sticker with penned text [rare / 4783] and a pin without a fastener.",1963,1963,1960,https://ids.si.edu/ids/deliveryService?id=NMAAHC-2012_159_4_001&max=300,NMAAHC-2012_159_4_001.jpg,Civil Rights Movement
edanmdm-nmaahc_2012.159.5,Pinback button for the 1963 Freedom March,buttons,Buttons (information artifacts),https://nmaahc.si.edu/object/nmaahc_2012.159.5,"A white pin back button with blue text. In the upper third half of the button, in the middle, is a graphic of the dome of the United States Capitol. Around the outside edge of the face is text on the top and bottom, curving with the edges. The text reads: [NATIONAL MARCH FOR FREEDOM / I WAS THERE / AUG. 28, 1963 / WASHINGTON, D. C.]. On the reverse are two small white stickers with the numbers [200] and [4635] respectively and a pin with a fastener.",1963,1963,1960,https://ids.si.edu/ids/deliveryService?id=NMAAHC-2012_159_5_001&max=300,NMAAHC-2012_159_5_001.jpg,Civil Rights Movement
edanmdm-nmaahc_2013.187.4,"Placard from March on Washington ""WE DEMAND AN END TO POLICE BRUTALITY NOW""",placards,Placards (information artifacts),https://nmaahc.si.edu/object/nmaahc_2013.187.4,"Cardboard placard with an off-white background and red and white lettering. Overall text reads ""We demand an end to police brutality now!"" In the upper portion of the placard is a large red swath of color with white text within that reads “WE/ DEMAND."" Below is red lettering in a font that mimics handwritten text that reads ""AN END/ TO/ POLICE/ BRUTALITY/ NOW!"" All the text is centered down the middle.",28-Aug-63,1963,1960,https://ids.si.edu/ids/deliveryService?id=NMAAHC-2013_187_4_001&max=300,NMAAHC-2013_187_4_001.jpg,Civil Rights Movement
edanmdm-nmaahc_2016.90.6,Pennant from The March on Washington for Jobs and Freedom,other,Pennants,https://nmaahc.si.edu/object/nmaahc_2016.90.6,"A paper pennant from The March on Washington for Jobs and Freedom, August 28, 1963. The pennant is triangular in shape with a red, white and blue American flag design. The left side of the pennant is a blue, trapezoidal-shaped field with white block text that reads, [We Shall Overcome] printed vertically. The text is bordered by a box of white, five-pointed stars. The field on the right is red and white striped triangle with blue text in varying fonts that reads, [I MARCHED / FOR EQUALITY IN THE / FREEDOM PARADE / AUGUST 28, 1963 / WASHINGTON, D.C.] above two blue stars. There is an inscription in pencil on the back of the pennant.",28-Aug-63,1963,2010,https://ids.si.edu/ids/deliveryService?id=NMAAHC-2016_90_6_001&max=300,NMAAHC-2016_90_6_001.jpg,Black Lives Matter
edanmdm-nmaahc_2017.6,Pennant from the March on Washington carried by Edith Lee-Payne,other,Pennants,https://nmaahc.si.edu/object/nmaahc_2017.6,"This white felt pennant is sewn and stapled to a black cloth over a board. The pennant has black lettering that says [MARCH ON WASHINGTON / FOR JOBS AND FREEDOM / AUGUST 28, 1963]. There is an image of the Lincoln Memorial with the words [I WAS THERE] above and [LINCOLN MEMORIAL] below the graphic. Below this is an image of two hands joined in a handshake. On the left edge of the pennant is a black strip of cloth sewn with white thread to the pennant. The pennant has some noticeable smoke stains on the white felt. The reverse of the board is blank.",1963,1963,2010,https://ids.si.edu/ids/deliveryService?id=NMAAHC-2017_6_001&max=300,NMAAHC-2017_6_001.jpg,Black Lives Matter
edanmdm-nmaahc_2011.109.3,Leaflet for Mississippi Freedom Summer,other,Leaflets (printed works),https://nmaahc.si.edu/object/nmaahc_2011.109.3,"A leaflet for Mississippi Freedom Summer made by the Council of Federated Organizations. The leaflet has black ink on white paper and includes text and illustrations. The leaflet has five sections with the headings: ""Freedom Schools""; ""Voter Registration""; ""Community Centers""; ""What You Can Do""; and ""What Is COFO?""",ca.1964,1964,1960,https://ids.si.edu/ids/deliveryService?id=NMAAHC-2011_109_3_001&max=300,NMAAHC-2011_109_3_001.jpg,Civil Rights Movement
edanmdm-nmaahc_2013.46.20,Organization of Afro-American Unity Inc. Aims and Objectives,other,Leaflets (printed works),https://nmaahc.si.edu/object/nmaahc_2013.46.20,"Organization of Afro-American Unity Inc. leaflet. A single sheet of paper appears to have been originally folded in half, forming four (4) pages. The OAAU Seal, a graphic of four (4) overlapping circles with the numbers [360] and [34] and Arabic text underneath, is featured at the top of the first page. Black text on the page reads [""FROM DARKNESS / TO LIGHT"" / OAUU, Inc. Seal / ORGANIZSATION / OF AFRO-AMERICAN UNITY / INC. / AIMS & OBJECTIVES]. The leaflet features photographic portraits of Malcolm X and his sister Ella Collins, following by a list of ten (10) ""Aims & Objectives"" of the organization.""",1964,1964,1990,https://ids.si.edu/ids/deliveryService?id=NMAAHC-2013_46_20_001&max=300,NMAAHC-2013_46_20_001.jpg,Civil Rights Movement
edanmdm-nmaahc_2010.55.29,Malcolm's Legacy,pamphlets,Pamphlets,https://nmaahc.si.edu/object/nmaahc_2010.55.29,"A pamphlet about Malcolm X. The front features black print on white paper. At center, there is a black and white photograph of Malcolm X. The interior consists of five pages of text. The inside back cover has a tear away section with a form that could be filled out to join the Young Communist League. The back of the pamphlet is blank.",after 1965,1965,1960,https://ids.si.edu/ids/deliveryService?id=NMAAHC-2010_55_29_001&max=300,NMAAHC-2010_55_29_001.jpg,Black Power
edanmdm-nmaahc_2010.71.14,"Ticket stub for Washington, DC to Montgomery, AL for Selma-Montgomery March",other,Receipts (financial records),https://nmaahc.si.edu/object/nmaahc_2010.71.14,"A ticket stub for Washington, D.C. to Montgomery, Alabama. The ticket stub is yellowed paper with black ink and is stapled to a green slip of paper providing dates and context.",Mar-65,1965,1960,https://ids.si.edu/ids/deliveryService?id=NMAAHC-2010_71_14_001&max=300,NMAAHC-2010_71_14_001.jpg,Civil Rights Movement
edanmdm-nmaahc_2012.159.2,Pinback button for SNCC's One Man One Vote campaign,buttons,Buttons (information artifacts),https://nmaahc.si.edu/object/nmaahc_2012.159.2,"A Student Nonviolent Coordinating Committee pin back button with the top half in black with white text and the bottom half in white with black text. In the middle, center is [SNCC] with the letters split in half with the top half in white and the bottom half in black. The text on the button reads: [ONE MAN / SNCC / ONE VOTE]. On the reverse is a small, white, round sticker with the number [173] and a pin without a fastener.",ca. 1965,1965,1950,https://ids.si.edu/ids/deliveryService?id=NMAAHC-2012_159_2_001&max=300,NMAAHC-2012_159_2_001.jpg,Civil Rights Movement
edanmdm-nmaahc_2012.159.6,Pinback button from SNCC,buttons,Buttons (information artifacts),https://nmaahc.si.edu/object/nmaahc_2012.159.6,"A black and white pin-back button with text. In two arcs around the top and bottom edges of the button face are black blocks with white text. In the middle, centered, is black text. The text reads: [STUDENT NONVIOLENT / WE / SHALL / OVERCOME / COORDINATING / COMMITTEE]. On the reverse are two small white stickers. One is round with the number [225] and the other rectangular with two lines of text: [rear / 6936]. The revers has a pin with a fastener.",ca. 1965,1965,1950,https://ids.si.edu/ids/deliveryService?id=NMAAHC-2012_159_6_001&max=300,NMAAHC-2012_159_6_001.jpg,Civil Rights Movement
edanmdm-nmaahc_2012.159.3,Pinback button for CORE and Black Power,buttons,Buttons (information artifacts),https://nmaahc.si.edu/object/nmaahc_2012.159.3,"A black pin back button with white text centered in the middle. The text reads: [BLACK POWER / CORE]. Along the outside edge where the button image meets the metal backing, is white text that is cut off and illegible. On the reverse is a small, white, round sticker with the number [173] and a pin without a fastener.",ca. 1966,1966,1950,https://ids.si.edu/ids/deliveryService?id=NMAAHC-2012_159_3_001&max=300,NMAAHC-2012_159_3_001.jpg,Civil Rights Movement
edanmdm-nmaahc_2010.41.3,"Poster for SCLC reading ""SCLC / Women, Justice""",posters,Political posters,https://nmaahc.si.edu/object/nmaahc_2010.41.3,A handmade poster board with print in red and black ink that reads: [sclc / Women / JUSTICE].,1968-1990,1968,1990,https://ids.si.edu/ids/deliveryService?id=NMAAHC-2010_41_3_001&max=300,NMAAHC-2010_41_3_001.jpg,Civil Rights Movement
edanmdm-nmaahc_2012.46.17.1,Black Power,posters,Lithographs,https://nmaahc.si.edu/object/nmaahc_2012.46.17.1,"Large color lithographic poster published by The Organization of Solidarity with the People of Asia, African and Latin America (OSPAAAL) with the message ""Retaliation to Crime: Revolutionary Violence"" written in English, French, Spanish and Arabic below an illustration of a red-eyed black panther with its teeth bared and the words ""Black Power"" inside its open jaw.",1968,1968,1960,https://ids.si.edu/ids/deliveryService?id=NMAAHC-2012_46_17_1_001&max=300,NMAAHC-2012_46_17_1_001.jpg,Black Power
edanmdm-nmaahc_2017.71.4,"Placard stating ""I AM A MAN"" carried by Arthur J. Schmidt in 1968 Memphis March",placards,Placards (information artifacts),https://nmaahc.si.edu/object/nmaahc_2017.71.4,"A white poster with black lettering used by Arthur J. Schmidt during the 1968 Memphis March. The poster reads ""I / AM / A MAN."" A small allied printing label is stamped on the bottom of the front of the poster at center in black ink. The back of the poster is blank.",1968,1968,1960,https://ids.si.edu/ids/deliveryService?id=NMAAHC-2017_71_4_001&max=300,NMAAHC-2017_71_4_001.jpg,Civil Rights Movement
edanmdm-nmaahc_2015.97.27.154,Flyer Advertising an African Dance and Show,fliers,Fliers (printed matter),https://nmaahc.si.edu/object/nmaahc_2015.97.27.154,"This flyer advertises an African dance and show organized by the Africa Students Social Club. The flyer is white with black text. [AFRICA STUDENTS SOCIAL CLUB / PRESENTS / AUTHENTIC AFRICAN DANCE AND SHOW / AT / HOTEL DIPLOMAT (ROOF TERRACE) / 108 WEST 43RD STREET / SATURDAY, JULY 5, 1969 / 9 P.M. - 3.A.M. / Music: ""African Dashikis Band / Featuring Great Musicians From Africa / RESERVATION - $2.00 AT THE DOOR - - $3.50 / For Tickets and Information Please Call: / Nana Akwasi Talaji: 633-8455 / Atta Prempeh: 875-1962 / Yaw Baafi: 493-1183 / COME ONE - COME ALL]. The back of the flyer is blank except for a blue stamp that reads, [JUL 1969].",Jul-69,1969,1960,https://ids.si.edu/ids/deliveryService?id=NMAAHC-2015_97_27_154_001&max=300,NMAAHC-2015_97_27_154_001.jpg,Anti-apartheid movements
edanmdm-nmaahc_2010.55.28,Black Liberation - Cultural and Revolutionary Nationalism,pamphlets,Pamphlets,https://nmaahc.si.edu/object/nmaahc_2010.55.28,"A pamphlet about the Black Panther Party. The font cover features black print on discolored paper. At top, there is a black and white photograph of members of the Black Panther Party standing in a line. The interior consists of fourteen pages of text.",ca. 1970,1970,1960,https://ids.si.edu/ids/deliveryService?id=NMAAHC-2010_55_28_001&max=300,NMAAHC-2010_55_28_001.jpg,Black Power
edanmdm-nmaahc_2015.97.16,Poster for a mass Memorial for Martin Luther King,posters,Posters,https://nmaahc.si.edu/object/nmaahc_2015.97.16,"This poster advertises a memorial for Dr. Martin Luther King. On an off-white background is black text that reads ""Mass Memorial/ Noon-Monday Apr 8/ Federal Building/ Golden Gate at Polk St./ We the people honor/ MARTIN/ LUTHER/ KING/ All black political leaders/ must be set free/ now/ Peace & Freedom Movement.""",ca. 1970,1970,1960,https://ids.si.edu/ids/deliveryService?id=NMAAHC-2015_97_16_003&max=300,NMAAHC-2015_97_16_003.jpg,Black Lives Matter
edanmdm-nmaahc_2015.97.27.33,Flyer urging people to tell Congress to end trade with South Africa,fliers,Fliers (printed matter),https://nmaahc.si.edu/object/nmaahc_2015.97.27.33,This flyer urges people to tell Congress to end trade with South Africa. The flyer is pink paper with black text. The block letters at the top and bottom of the flyer read [DON'T BE FOOLED / US GOVT. AGAIN BAILS OUT / THE WHITE RACIST / SOUTH AFRICAN REGIME] and [LETS AID THE FREEOM MOVEMENT / OF SOUTH AFRICA]. The back of the flyer is blank.,1970s,1970,1970,https://ids.si.edu/ids/deliveryService?id=NMAAHC-2015_97_27_33_001&max=300,NMAAHC-2015_97_27_33_001.jpg,Anti-apartheid movements
edanmdm-nmaahc_2015.97.27.46,"Letterhead of the Pan African Students Organization in the Americas, Inc.",correspondence,Correspondence,https://nmaahc.si.edu/object/nmaahc_2015.97.27.46,This blank stationery page has the words: [PAN AFRICAN STUDENTS ORGANIZATION / IN THE AMERICAS INC.] typed across the front. The top left corner has a drawing of the outline of Africa with the black power fist in the center. Text reading: [UHURU NA UMOJA / FREEDOM AND SOLIDARITY / YANCI DA HADA KAI] surrounds the illustration.,1960-1977,1970,1960,https://ids.si.edu/ids/deliveryService?id=NMAAHC-2015_97_27_46_001&max=300,NMAAHC-2015_97_27_46_001.jpg,Pan Africanism
edanmdm-nmaahc_2012.46.20,Black and white poster of Huey Newton and Bobby Seale,posters,Posters,https://nmaahc.si.edu/object/nmaahc_2012.46.20,"A framed black and white poster of Huey Newton and Bobby Seale in front of the storefront headquarters of the Black Panther Party in Oakland, California. Both men are wearing berets and leather jackets and are armed with assault rifles. Below the image is this quote from Newton: [The racist dog policemen must withdraw immediately from our communities, cease their wanton murder and brutality and torture of black people, or face the wrath of the armed people].",ca. 1971,1971,1960,https://ids.si.edu/ids/deliveryService?id=NMAAHC-2012_46_20_1001&max=300,NMAAHC-2012_46_20_1001.jpg,Civil Rights Movement
edanmdm-nmaahc_2015.97.27.201,Flyer Promoting a Rally for Angela Davis Day,fliers,Advertisements,https://nmaahc.si.edu/object/nmaahc_2015.97.27.201,"This flyer advertises a rally for Angela Davis Day. The flyer is yellow with black text and features an image of Angela Davis. The flyer reads: [END / RACISM & / REPRESSION / GET IT TOGETHER AT / CENTRAL PARK MALL FOR / ANGELA DAVIS / DAY SEPTEMBER 25 / 1 TO 4 P.M. ENTER AT 5TH AVE. / AND 72ND STREET / DEMAND BAIL FOR ANGELA / INDICT ROCKEFELLER FOR THE / ATTICA MASSACRE / NOW! / HEAR: CONG. RONALD DELLUMS OSSIE DAVIS / MRS. SALLYE DAVIS DICK GREGORY / and others / SPONSORED BY THE UNITED COALITION FOR ANGELA DAVIS DAY / FOR FURTHER INOFRMATION, CALL 243-8555]. The back of the flyer is blank except for a stamped date that reads [SEP 24 1971].",Sep-71,1971,1970,https://ids.si.edu/ids/deliveryService?id=NMAAHC-2015_97_27_201_001&max=300,NMAAHC-2015_97_27_201_001.jpg,Anti-apartheid movements
edanmdm-nmaahc_2015.97.27.38,Flyer for demonstration against Portuguese imperialism in Africa,fliers,Fliers (printed matter),https://nmaahc.si.edu/object/nmaahc_2015.97.27.38,This flyer advertises a demonstration against Portuguese imperialism. It is white paper with black text and features a hand drawn outline of the African continent. The flyer reads: [DEMONSTRATION AGAINST / PORTUGUESE / IMPERIALISM / NOV. 24 / AT 1PM / AT THE PORTUGUESE / GOVERNMENT TOURIST / INFORMATION AGENCY / 570 5TH AVE. N.Y.C. / AT 48TH St. / BLACK STUDENT UNION / HUNTER COLLEGE]. The back of the flyer has information about Portuguese controlled countries in Africa. Hand written text in the bottom right corner reads [NOV 1971].,Nov-71,1971,1970,https://ids.si.edu/ids/deliveryService?id=NMAAHC-2015_97_27_38_001&max=300,NMAAHC-2015_97_27_38_001.jpg,Anti-apartheid movements
edanmdm-nmaahc_2015.97.27.135,Flyer Advertising an Evening with Angela Davis,fliers,Fliers (printed matter),https://nmaahc.si.edu/object/nmaahc_2015.97.27.135,"This flyer advertises a celebratory benefit event with Angela Davis. The flyer is white with black text and features an illustration of Angela Davis on the top right. The flyer reads [THE ANGELA DAVIS LEGAL DEFENSE FUND / Presents / A VICTORY / CELEBRATION / THURSDAY-JUNE 29- 7:30 P.M. / An Evening / with / Angela Davis / BENEFIT FOR ALL POLITICAL PRISONERS]. Performers are listed as [RAY BARRETTO / JERRY BUTLER / CARMEN MCCRAE / PETE SEEGER / VOICES OF EAST HARLEM / OSSIE DAVIS, M.C.]. Additional information about the event, ticket pricing, and where to buy tickets is printed underneath the illustration and text. The back of the flyer is blank except for two handwritten notes. On top, in graphite text, handwriting reads [M30669-1]. The date, [JULY 1972] is handwritten in blue in the bottom corner.",Jul-72,1972,1970,https://ids.si.edu/ids/deliveryService?id=NMAAHC-2015_97_27_135_001&max=300,NMAAHC-2015_97_27_135_001.jpg,Pan Africanism
edanmdm-nmaahc_2015.97.27.27,Flyer announcing a speech by Dean G.A. FFrench-Beytagh,fliers,Fliers (printed matter),https://nmaahc.si.edu/object/nmaahc_2015.97.27.27,"This flyer details the trials of Rev. G.A. FFrench-Beytagh and announces an upcoming speaking engagement on May 23, 1972. The flyer is yellow paper with black text. The title reads: [SOUTH AFRICAN TERRORISM / DEAN G. A. FFRENCH-BEYTAGH / who was tried and sentences under South Africa's / Terrorism Act / will speak at / CHURCH of the ASCENSION / 5th Avenue at 10th Street - / 8:15 p.m., Tuesday, 23 May 1972] The back of the flyer is blank.",1972,1972,1970,https://ids.si.edu/ids/deliveryService?id=NMAAHC-2015_97_27_27_001&max=300,NMAAHC-2015_97_27_27_001.jpg,Pan Africanism
edanmdm-nmaahc_2015.97.27.49,"Flyer advertising ""Afrika Night & Dance"" benefit for a free Zimbabwe",fliers,Fliers (printed matter),https://nmaahc.si.edu/object/nmaahc_2015.97.27.49,"This flyer advertises the second annual Afrika Night & Dance of the Zimbabwe Relief and Development Fund Inc. The flyer is white with black text that reads [Zimbabwe Relief and Development Fund Inc. / PRESENTS ITS SECOND ANNUAL / AFRIKA NIGHT & DANCE / BENEFIT FOR / A FREE ZIMBABWE (Rhodesia) / A NIGHT especially dedicated to the Struggle for FREEDOM / IN ZIMBABWE. / Our brothers and sisters in ZIMBABWE have an avowed deter- / mination to fight it out until they become FREE. You can help / them help themselves still MORE. / AFRIKA NIGHT and DANCE has been organization for you just / for this purpose. It is NOT just another affair...It is THE / AFFAIR --For A Cause! / Let's Weld Our Brotherhood With ACTION At: / CONCOURSE PLAZA GRAND BALLROOM / Grand Concourse at 161 Street Bronx, N.Y. / SATURDAY, MARCH 4th, 1972 / 10 P.M. - 3 A.M. / CHA-CHA-CHA!! -AFRIKAN HIGHLIFE CALYPSO RHYTHMS / AFRIKAN- AMERICN HITS / Presenting the Fantastic Afrikan Band: / MENSAH and EKOW BOTCHEY / DONATION: $6.00 Dress Optional Packages Permitted / Tickets Information: / Leorna Barzey: 893-7905 (eve.) / Mhezi Gutu: 283-3780 / Evelyn Kaonza: 749-0700 x216 / Mashoko Chinhenzwah: 281-0754 (eve.) / SislyeMahlahla: 887-2402 (Eve.) / Invited Guests of Honor Include: / African Ambassadors to the United Nations / Honorable Kenneth A. Gibson --Mayor of Newark / Percy Sutton --Borough President of Manhattan / Congressman Charles Rangel / Roy Wilkins--Executive Director NAACP / Alma Johns--WWRL Commentator / Vernon Jordan, Jr. --Exec. Dir. N.A.T. Urban League / Livingston Wingate--Director of N. Y. C. Urban / League / Congresswoman Shirley Chisholm / Roy Innis / Ennis Francis--International Commission on Africa / Jomo Logan].",Mar-72,1972,1970,https://ids.si.edu/ids/deliveryService?id=NMAAHC-2015_97_27_49_001&max=300,NMAAHC-2015_97_27_49_001.jpg,Pan Africanism
edanmdm-nmaahc_2015.97.27.51,Flyer announcing a campaign to support Namibia,fliers,Fliers (printed matter),https://nmaahc.si.edu/object/nmaahc_2015.97.27.51,"This flyer announces a press conference and campaign to support striking African workers and the people of Namibia. The flyer is white with faded blue text. The text is handwritten except for two typed paragraphs in the center of the page. The top of the flyer reads: [ANNOUNCING A PRESS CONFERENCE AND / A CAMPAIGN / COME to NEWMONT MINING / 300 PARK AVENUE / NEW YORK / FRIDAY, FEBRUARY 4TH, 1972 / 12:30 pm. / SUPPORT STRIKING AFRICAN WORKERS / CHALLENGE THE U.S. COMPANIES THEY WORK FOR]. The bottom of the flyer reads: [DON'T WAIT FOR ANOTHER VIETNAM in / South West Africa / SUPPORT the NAMIBIAN people in / their struggle NOW!]. The back of the flyer is blank except for text written in the bottom left corner that reads: [FEB / 1972].",4-Feb-72,1972,1970,https://ids.si.edu/ids/deliveryService?id=NMAAHC-2015_97_27_51_001&max=300,NMAAHC-2015_97_27_51_001.jpg,Pan Africanism
edanmdm-nmaahc_2015.97.27.66,Flyer advertising a protest against slaughter in Rhodesia,fliers,Fliers (printed matter),https://nmaahc.si.edu/object/nmaahc_2015.97.27.66,"This flyer advertises a protest against the slaughter in Rhodesia. The flyer is white with black text. The title, subtitles, and location information are bolded in all caps. The title, [PROTEST THE SLAUGHTER / IN RHODESIA], is centered on the page as are the subtitles [FASCIST TERROR MOUNTS AGAINST ZIMBABWE], [5,000,000 AFRICANS TO 250,000 WHITES, BUT...], [RHODESIA HANDED TO RACISTS BY U.S. & BRITAIN], and [AFRICAN MASSES RESIST]. The back of the flyer is blank except for handwritten text in the bottom left that reads: [JAN / 1972].",29-Jan-72,1972,1970,https://ids.si.edu/ids/deliveryService?id=NMAAHC-2015_97_27_66_001&max=300,NMAAHC-2015_97_27_66_001.jpg,Pan Africanism
edanmdm-nmaahc_2015.97.27.30,Notes from the United Nations on the Freedom Charter of South Africa,correspondence,Charters,https://nmaahc.si.edu/object/nmaahc_2015.97.27.30,This special note from the United Nations' Unit on Apartheid details the Freedom Charter of South Africa. The booklet is four pages long. The title page features the United Nations logo in the top left corner inside of a grey header that extends the width of the page. The title is also printed inside this header and reads: [UNIT ON APARTHEID / DEPARTMENT OF POLITICAL AND SECURTIY COUNCIL AFFAIRS]. Typed text fills the rest of the page. The back of each page is blank.,Jul-74,1974,1970,https://ids.si.edu/ids/deliveryService?id=NMAAHC-2015_97_27_30_001&max=300,NMAAHC-2015_97_27_30_001.jpg,Pan Africanism
edanmdm-nmaahc_2015.97.27.61,Letter announcing meeting to oppose US intervention in Angola,correspondence,Correspondence,https://nmaahc.si.edu/object/nmaahc_2015.97.27.61,"This letter announces a meeting to discuss efforts to oppose US intervention in Angola. The letter is blue with black typed text. The letter opens with a paragraph and follows with six numbered paragraphs. The bottom section of the letter is separated from formatted like a fill in the blank and asks that readers indicate whether or not they will attend the meeting. At the bottom of the page, handwritten text reads: [870-2645 / Rhodes Gxcyia]. The back of the letter is blank.",30-Dec-75,1975,1970,https://ids.si.edu/ids/deliveryService?id=NMAAHC-2015_97_27_61_001&max=300,NMAAHC-2015_97_27_61_001.jpg,Pan Africanism
edanmdm-nmaahc_2015.97.27.62,Flyer announcing the commemoration of the 19th anniversary of the MPLA,fliers,Fliers (printed matter),https://nmaahc.si.edu/object/nmaahc_2015.97.27.62,"This flyer announces a program commemorating the 19th anniversary of the MPLA, the People's Movement for the Liberation of Angola. The flyer is brown with black text and features a large illustration of two MPLA members. The top of the flyer reads: [COMMEMORATING THE / 19TH ANNIVERSARY / OF THE MPLA]. The back of the flyer is blank.",12-Dec-75,1975,1970,https://ids.si.edu/ids/deliveryService?id=NMAAHC-2015_97_27_62_001&max=300,NMAAHC-2015_97_27_62_001.jpg,Anti-apartheid movements
edanmdm-nmaahc_2015.97.27.11,Letter of invitation from the Committee to Free the SASO 9,correspondence,Correspondence,https://nmaahc.si.edu/object/nmaahc_2015.97.27.11,"This letter from the Committee to Free the SASO 9 invites people to an emergency meeting about the SASO 9. The letter is white with black text that reads: [June 4, 1976 / Dear Sister/Brother: / INVITATION TO AN EMERGENCY MEETING / The Committee to Free The SASO 9 (South African Students Organ-/ ization) is a group in the United States working to publicize / the plight of our sisters and brothers in South Africa who face / death by hanging if convicted. / Although the original number was nine who have been unjustly / jailed, it is now sixteen, and one member has been tortured to / death. Along with this, two members of SWAPO (South West African / Peoples Organization) in Namibia have been convicted and sentenced / to death by a South African Court. There are many thousands of / prisoners languishing in the jails of South Africa, Namibia and Rhodesia. / The Committee to Free The SAO 9 is calling an urgent meeting / on Wednesday June 9 at 7:00 P.M. The meeting will take place in / Manhattan at 605 West 115th Street, Room 418. / Some of our activities to publicize the trial of SAO, as well as / aid in the release from prison have been: picket lines at the / South African Airways, demonstrations, forums, poetry readings / and speaking engagements. / We in the Committee are urging you to attend as well as send / representatives of your organizations. Our task is to save the SWAPO 2 from hanging, aid in the freeing of the SASO members as / well as all prisoners of apartheid. / Volunteers and funds are urgently needed. / Yours In Struggle, John Akpan / Coordinator / Committee to Free the SASO Nine]. The back of the letter is blank.",4-Jun-76,1976,1970,https://ids.si.edu/ids/deliveryService?id=NMAAHC-2015_97_27_11_001&max=300,NMAAHC-2015_97_27_11_001.jpg,Anti-apartheid movements
edanmdm-nmaahc_2015.97.27.18,Flyer for Southern Africa: The Struggle for National Liberation conference,fliers,Fliers (printed matter),https://nmaahc.si.edu/object/nmaahc_2015.97.27.18,"This flyer advertises a conference entitled Southern Africa: The Struggle for National Liberation. The flyer is white paper with black text. The flyer reads: [SOUTHERN AFRICA: The Struggle for National Liberation / A Conference sponsored by / The Yale-New Haven Southern African Solidarity Committee / Yale University / April 9-10, 1976 / Friday, April 9, 7:30p.m. - 9:45p.m., Davies Auditorium (Prospect St. near Grove St.) / Saturday, April 10, 9:00a.m.-6:00p.m., Linsly Chittenden (Old Campus, Chapel & High St.)]. The back of the flyer details the schedule of events of the conference and information about the presenters.","April 9-10, 1976",1976,1970,https://ids.si.edu/ids/deliveryService?id=NMAAHC-2015_97_27_18_001&max=300,NMAAHC-2015_97_27_18_001.jpg,Pan Africanism
edanmdm-nmaahc_2015.97.27.19,Letter from the Committee to Free the SASO 9,correspondence,Correspondence,https://nmaahc.si.edu/object/nmaahc_2015.97.27.19,This letter from the National Committee to Free the SASO 9 appeals to Christians to help free apartheid prisoners. The letter is white paper with black text. The title reads: [NATIONAL CTEE. TO FREE THE SASO 9 AND ALL APARTHEID / PRISONERS / An Appeal To Christians: Help Free Apartheid Prisoners].The back of the letter is blank.,8-Mar-76,1976,1970,https://ids.si.edu/ids/deliveryService?id=NMAAHC-2015_97_27_19_001&max=300,NMAAHC-2015_97_27_19_001.jpg,Pan Africanism
edanmdm-nmaahc_2015.97.27.21ab,Letter from the Committee to Free the SASO 9,correspondence,Correspondence,https://nmaahc.si.edu/object/nmaahc_2015.97.27.21ab,This letter from the National Committee to Free the SASO 9 appeals to Christians to help free apartheid prisoners. The letter is white paper with black text. The title reads: [NATIONAL CTEE. TO FREE THE SASO 9 AND ALL APARTHEID / PRISONERS / An Appeal To Christians: Help Free Apartheid Prisoners]. The letter is two pages and was written by John Akpan. The back of each page is blank.,8-Mar-76,1976,2010,https://ids.si.edu/ids/deliveryService?id=NMAAHC-2015_97_27_21a_001&max=300,NMAAHC-2015_97_27_21a_001.jpg,Pan Africanism
edanmdm-nmaahc_2015.97.27.23,Flyer advertising Spartacist League Forum,fliers,Fliers (printed matter),https://nmaahc.si.edu/object/nmaahc_2015.97.27.23,This flyer advertises the Spartacist League Forum in New York City. The flyer is white with black text that reads: [SPARTACIST LEAGUE FORUM / AVENGE SOWETO!]. The flyer gives information about the speaker and the forum. The back of the flyer is blank except for handwritten text in the bottom right that reads [1976].,1976,1976,2010,https://ids.si.edu/ids/deliveryService?id=NMAAHC-2015_97_27_23_001-000001&max=300,NMAAHC-2015_97_27_23_001-000001.jpg,Anti-apartheid movements
edanmdm-nmaahc_2015.97.27.3,"Flyer announcing ""free the Saso 9"" protest",fliers,Fliers (printed matter),https://nmaahc.si.edu/object/nmaahc_2015.97.27.3,"This flyer announces a demonstration in support of freeing the Saso 9 and the Namibia 3. The title reads: ['Free the Saso 9' / these women face death!! / FREE THE NAMIBIA THREE]. Below the title is an illustration of the Namibia Three. Information regarding the protest is at the bottom left corner of the flyer and reads: [DEMONSTRATE! / SAT MAR 20th, 1976. / Assemble at British Mission, 845 3 Av./ 52 St. 1P.M. / Assemble at South Africa Airways, 65 5th Ave. / 3 P.M. / VICTORY TO THE AFRICAN MASSES / Sponsored by PASOA, YAWF, AYM, (partial list)]. The back of the flyer is blank.",1976,1976,1970,https://ids.si.edu/ids/deliveryService?id=NMAAHC-2015_97_27_3_001&max=300,NMAAHC-2015_97_27_3_001.jpg,Anti-apartheid movements
edanmdm-nmaahc_2015.97.27.31,Flyer advertising film viewings for Katatura and Namibia- A Trust Betrayed,fliers,Fliers (printed matter),https://nmaahc.si.edu/object/nmaahc_2015.97.27.31,"This flyer advertises film viewings for ""Katatura"" and ""Namibia- A Trust Betrayed"" at Columbia University and New York University. The viewing is to be followed by discussion and remarks by Dr. Edward C. May. The flyer is yellow paper with black text that reads: [A Contemporary Church Struggle..... / NAMIBIA Referred to by / South Africa and the American Press as ""South West Africa"" / ""KATATURA"" ""NAMIBIA - A TRUST BETRAYED"" / Earl Hall Auditorium / Columbia University / Monday Sept. 20 / 7:00 p.m. / Loeb Student Center Rm 408 / New York University / Tues. Sept. 21 / 12:00 noon / Dr. Edward C. May]. The back of the flyer is blank except for handwritten text in the bottom right corner that reads [1976].",1976,1976,1970,https://ids.si.edu/ids/deliveryService?id=NMAAHC-2015_97_27_31_001&max=300,NMAAHC-2015_97_27_31_001.jpg,Anti-apartheid movements
edanmdm-nmaahc_2015.97.27.35,Letter requesting support for the Anti-Apartheid Day rally,correspondence,Memorandums,https://nmaahc.si.edu/object/nmaahc_2015.97.27.35,"This letter requests support for the May 1 Anti-Apartheid Day in New York City. The memo is white paper with black text. The heading reads: [May 1 Anti-Apartheid Day Committee]. The memo is signed by the following [John Akpan / Pan African Students Organization in / the Americas (PASOA) / Daniel Berrgian, S.J. / Sharon Chin / Youth Against War & Fascism / (YAWF) / Carlos Feliciano / Florynce R. Kennedy / Coalition Against Racism and Sexism / William Kunstler / Lennox Hines (sic) / Pres. National Conference of Black Lawyers / Helen Rodriguez-Trias, M.D. / Pres. Committee to End Sterilization / Abuse (CESA) / Dennis L. Serette / Pres. N.Y.S Coalition of Black Trade Unionists]. The back of the memo is blank.",14-Apr-76,1976,1970,https://ids.si.edu/ids/deliveryService?id=NMAAHC-2015_97_27_35_001&max=300,NMAAHC-2015_97_27_35_001.jpg,Pan Africanism
edanmdm-nmaahc_2015.97.27.36,Letter from the African National Council-Zimbabwe,correspondence,Correspondence,https://nmaahc.si.edu/object/nmaahc_2015.97.27.36,"This letter from the African National Council-Zimbabwe states its support for making May 1st Anti-Apartheid Day in New York City. The header and title read: [African National Council-Zimbabwe / NORTH AMERICAN BRANCH / 159 WEST 33rd STREET SUITE 805 / NEW YORK, NEW YORK 10001 / PHONE (212) 379 3720 / April 7th 1976 / Message in Support of Anti-Apartheid Day]. The letter is signed by Christopher Mapondera. The back of the letter is blank.","April 7,1976",1976,1970,https://ids.si.edu/ids/deliveryService?id=NMAAHC-2015_97_27_36_001&max=300,NMAAHC-2015_97_27_36_001.jpg,Pan Africanism
edanmdm-nmaahc_2015.97.27.37,Flyer advertising a fundraising event for Zimbabwean refugees,fliers,Fliers (printed matter),https://nmaahc.si.edu/object/nmaahc_2015.97.27.37,"This flyer advertises a fundraising party for the Zimbabwe African National Union. The flyer is white paper with black text and has a black boarder around the text. [ZIMBABWE AFRICAN NATIONAL UNION / ZANU / A Fund Raising / Party / FOR THE SHIPMENT OF CLOTHING / AND MEDICINE TO ZIMBABWEAN / REFUGEES IN MOZAMBIQUE / Sat. Evening May 8th 1976 / from 9 P.M. until 3 A.M. / AT NEW YORK UNIVERSITY / WEINSTEIN CENTER / (AT WASHINGTON SQUARE COLLEGE) / 5 UNIVERSITY PLACE, N.Y.C / NO PACKAGES-EVERYTHING SOLD AT POPULAR PRICES / DONATION $3.00 PER PERSON / CO-SPONSORED BY / N.Y.U BLACK STUDENTS ASSOCIATION / AND N.Y.U. AFRICAN STUDENTS ASSOCIATION]. The back of the flyer is blank except for the text written at the bottom that reads: [MAY 1976 / 8 / 1976].",1976,1976,1970,https://ids.si.edu/ids/deliveryService?id=NMAAHC-2015_97_27_37_001&max=300,NMAAHC-2015_97_27_37_001.jpg,Anti-apartheid movements
edanmdm-nmaahc_2015.97.27.39,Flyer advertising an event entitled Angola: From Liberation to Reconstruction,fliers,Fliers (printed matter),https://nmaahc.si.edu/object/nmaahc_2015.97.27.39,"This flyer advertises a two-day seminar about reconstruction in Angola. The flyer is white paper with black text and features a photograph Angolan activists. The flyer reads: [ANGOLA: FROM LIBERATION TO RECONSTRUCTION / A 2-DAY SEMINAR ON / THE UM SO POVO PRO- / GRAM OF RECONCILIATION / AND RECONSTRUCTION IN / ANGOLA / PLACE: HIGHER GROUND CINEMA / 26 W. 20 STREET N.Y.C / TIME: / 8:00 P.M. / MON-TUE MARCH 15-16 / HEAR / Melba Smith, MPLA Solidarity Ctee. / Mimi Edmunds, MPLA Solidarity Ctee. / Larry Holmes, YAWF. (Delegate to the recent / seminar in Havana with MPLA Officials). / Elombe Brath, Patrice Lumumba Coalition, / (Recently returned from an official trip to / the People's Republic of Angola). / SEE / ""ANGOLA: 2nd. WAR OF LIBERATION,"" a film made / by the MPLA. / DONATION / $1.00 / Sponsored by PASOA, YAWF, AYM, (partial list) / For info call 280-3992, 989-3602, AL5-8033 / APARTHEID OUT OF ANGOLA."" FREE THE SASO 9!]. The back of the flyer lists the March programs of the Pan African Students Organization in the Americas.",Mar-76,1976,1970,https://ids.si.edu/ids/deliveryService?id=NMAAHC-2015_97_27_39_001&max=300,NMAAHC-2015_97_27_39_001.jpg,Pan Africanism
edanmdm-nmaahc_2015.97.27.4,Flyer announcing a night of solidarity with South African liberation,fliers,Fliers (printed matter),https://nmaahc.si.edu/object/nmaahc_2015.97.27.4,"This flyer announces a night of solidarity with South African liberation. [A NIGHT OF SOLIDARITY / WITH THE STRUGGLE IN / SOUTH AFRICA (AZANIAO / HEAR SOUTH AFRICAN BROTHER / JEFF DUMO BAQWA]. Underneath the title an outline of the African continent is drawn. In the center of the outline is text that reads [Unarmed Black demonstrators are being shot down / today in South Africa. Over 500, many of them students, / have been killed by the racist police. Are these simply / ""riots"" as the press here claim? Or are the African people / fighting for their national liberation from one of the cruelest / regimes in history? And why is the U.S. government aiding / the Nazi-like South African regime? / Come and hear Jeff Dumo Baqwa, a brother just arrived from / southern Africa. In 1974 he escaped from South Africa where he'd / been exiled to a Transkei village for his activities in the South / African Student Organization (SASO). He's now Director of / Projects for the Southern African Student / Movement (SASM). Many members / of SASO have recently been / arrested and some face execution / for fighting the / apartheid regime.] The bottom of the page has the event date and time [Saturday, Nov. 20th 7:00pm / Joan of Arc JHS / 154 W. 93 St. NYC.] The other side of the flyer repeats this information in Spanish.",1976,1976,1970,https://ids.si.edu/ids/deliveryService?id=NMAAHC-2015_97_27_4_001&max=300,NMAAHC-2015_97_27_4_001.jpg,Pan Africanism
edanmdm-nmaahc_2015.97.27.41,"Flyer advertising ""Women and the African Revolution"" program",fliers,Fliers (printed matter),https://nmaahc.si.edu/object/nmaahc_2015.97.27.41,"This flyer advertises a program entitled Women and the African Revolution at First Baptist Church of Crown Heights in New York. The flyer is white with blue text and features a drawing of Africa and an image of a person with a gun. The flyer reads: [WOMEN and the / AFRICAN / REVOLUTION / Sarudzai Churucheminzwa / ZIMBABWE AFRICAN NATIONAL UNION (ZANU) / FRIDAY, MARCH 5, 8:00 / FIRST BAPTIST CHURCH OF CROWN HEIGHTS / 450 Eastern Parkway (near Rogers Ave.) / Take IRT 2 to Nostrand Avenue / Ausp: Crown Heights Militant Forum / For more information, call 596-2849 / Donation: $1.00 (HS and unemployed .50)]. The back of the flyer is blank except for the text written on the left that reads [3-5-1976].",5-Mar-76,1976,1970,https://ids.si.edu/ids/deliveryService?id=NMAAHC-2015_97_27_41_001&max=300,NMAAHC-2015_97_27_41_001.jpg,Anti-apartheid movements
edanmdm-nmaahc_2015.97.27.43,Flyer advertising a talk by Tapson Mawere,fliers,Fliers (printed matter),https://nmaahc.si.edu/object/nmaahc_2015.97.27.43,"This flyer advertises a program discussing the liberation of Zimbabwe featuring a lecture by Tapson Mawere. The flyer is gold with black text and features an illustration of two fighters with rifles. Text at the top of the flyer reads: [ZIMBABWE LIBERATION]. Pertinent information about the program including the name of the speaker, topic of discussion and date and location information, is typed in larger font: [Tapson Mawere / U.S./BRITISH/SOUTH AFRICAN PLAN / SEPT. 16-Thurs. -7 P.M. / 144 W. 90th Street, Manhattan]. The back of the flyer is blank except for the text written in the bottom right corner that reads [1976].",16-Sep-76,1976,1970,https://ids.si.edu/ids/deliveryService?id=NMAAHC-2015_97_27_43_001&max=300,NMAAHC-2015_97_27_43_001.jpg,Pan Africanism
edanmdm-nmaahc_2015.97.27.44,Flyer advertising demonstration in support of liberating Southern Africa,fliers,Fliers (printed matter),https://nmaahc.si.edu/object/nmaahc_2015.97.27.44,"This flyer advertises a demonstration supporting liberation movements in Southern Africa. The flyer is yellow with black text and features a drawing of three arms holding rifles. The flyer reads: [REVOLUTION SPREADING TO LIBERATE ALL SOUTHERN AFRICA! / DEMONSTRATE / WITH THE COMMUNIST CADRE / SATURDAY, MARCH 27 2-4 / TIMES SQUARE (42 ST. & 7th AVE.) / TO HELP / DEFEND LIBERATED / MOZAMBIQUE / UP with / ZIMBABWE / DOWN with / RHODESIA ! / BRING THE / GLOBAL CLASS WAR HOME! / FOR MORE INFORMATION CONTACT: / CINFUEGOS, BOX 94 / 215 A 2nd AVE. NYC 10003 / OR CALL 924-5451]. The back of the flyer is blank except for text written in the bottom right corner that reads [3-27- / 1976].",Mar-76,1976,1970,https://ids.si.edu/ids/deliveryService?id=NMAAHC-2015_97_27_44_001&max=300,NMAAHC-2015_97_27_44_001.jpg,Pan Africanism
edanmdm-nmaahc_2015.97.27.53,Flyer advertising a demonstration in solidarity with Zimbabwean liberation,fliers,Fliers (printed matter),https://nmaahc.si.edu/object/nmaahc_2015.97.27.53,"This flyer announces a demonstration in support of the armed struggle for liberation in Zimbabwe. The flyer is white with black text and features an illustration of an armed Zimbabwean fighter on the left. The flyer has begun to brown with age. The top of the flyer reads: [SOLIDARITY WITH THE ARMED / LIBERATION STRUGGLE / IN ZIMBABWE]. Logistical information is given at the bottom of the flyer and reads: [DEMONSTRATE: 5:00-6:30 / MONDAY, NOVEMBER 22 / MOBIL BUILDING: 42nd & LEXINGTON / MOBIL IS A PRINCIPAL BACKER OF THE RACIST SMITH REGIME IN ""RHODESIA""]. The sponsors for the event are listed at the very bottom in significantly smaller font: [ Liberation Support Movement, LEMPA, International Socialists, Prairie / Fire Organizing Committee, NICH, Attica Now, Guardian, Revolutionary Marxist Organizing Committee, / ZANU Support Committee, Friends of Indochina, Liberation Book Store, City Star, Puerto Rican Socialist / Party Federation of Puerto Rican Socialist University Students]. The back of the flyer includes information about the liberation and solidarity movements and more information about the demonstration. In the bottom right corner, handwritten text reads [1976].",1976,1976,1960,https://ids.si.edu/ids/deliveryService?id=NMAAHC-2015_97_27_53_001&max=300,NMAAHC-2015_97_27_53_001.jpg,Pan Africanism
edanmdm-nmaahc_2015.97.27.67,Flyer advertising an event entitled Angola: From Liberation to Reconstruction,fliers,Fliers (printed matter),https://nmaahc.si.edu/object/nmaahc_2015.97.27.67,"This flyer advertises a two-day seminar about reconstruction in Angola. The flyer is white paper with black text and features a photograph Angolan activists. The flyer reads: [ANGOLA: FROM LIBERATION TO RECONSTRUCTION / A 2-DAY SEMINAR ON / THE UM SO POVO PRO- / GRAM OF RECONCILIATION / AND RECONSTRUCTION IN / ANGOLA / PLACE: HIGHER GROUND CINEMA / 26 W. 20 STREET N.Y.C / TIME: / 8:00 P.M. / MON-TUE MARCH 15-16 / HEAR / Melba Smith, MPLA Solidarity Ctee. / Mimi Edmunds, MPLA Solidarity Ctee. / Larry Holmes, YAWF. (Delegate to the recent / seminar in Havana with MPLA Officials). / Elombe Brath, Patrice Lumumba Coalition, / (Recently returned from an official trip to / the People's Republic of Angola). / SEE / ""ANGOLA: 2nd. WAR OF LIBERATION,"" a film made / by the MPLA. / DONATION / $1.00 / Sponsored by PASOA, YAWF, AYM, (partial list) / For info call 280-3992, 989-3602, AL5-8033 / APARTHEID OUT OF ANGOLA."" FREE THE SASO 9!]. The back of the flyer lists the March programs of the Pan African Students Organization in the Americas.",Mar-76,1976,1970,https://ids.si.edu/ids/deliveryService?id=NMAAHC-2015_97_27_67_001&max=300,NMAAHC-2015_97_27_67_001.jpg,Pan Africanism
edanmdm-nmaahc_2015.97.27.8,Press release for the Pan-Africanist Congress of Azania to the United Nations,other,Press releases,https://nmaahc.si.edu/object/nmaahc_2015.97.27.8,This press release calls upon the United Nations to boycott South Africa. The title reads: [PAN-AFRICANIST CONGRESS OF AZANIA - MISSION TO THE UNITED NATIONS]. The press release is several pages long and printed on white paper with black ink. It is stapled in the top left corner. The front page has three paragraphs separated by two underlined headers that read: [PRESS RELEASE] and [The black workers in South Africa live below subsistence level].,28-Apr-76,1976,1970,https://ids.si.edu/ids/deliveryService?id=NMAAHC-2015_97_27_8_001&max=300,NMAAHC-2015_97_27_8_001.jpg,Pan Africanism
edanmdm-nmaahc_2015.97.27.9,Letter by the Episcopal Churchmen for South Africa,correspondence,Correspondence,https://nmaahc.si.edu/object/nmaahc_2015.97.27.9,"This letter from the Episcopal Churchmen for South Africa asks readers to call their state representatives, senators and President Gerald Ford to demand the United States not to relax restrictions on bank transactions with South Africa. The letterhead at the top of the page features an illustration of the African continent surrounded by the words: [EPISCOPAL CHURCHMEN / for / SOUTH AFRICA]. The organization's contact information follows immediately and reads: [14 West 11th Street New York, N.Y. 10011 Phone: (212) 477-0066 / -For A Free South Africa-]. The letter follows underneath and onto the back of the document.",25-Feb-76,1976,1970,https://ids.si.edu/ids/deliveryService?id=NMAAHC-2015_97_27_9_001&max=300,NMAAHC-2015_97_27_9_001.jpg,Anti-apartheid movements
edanmdm-nmaahc_2015.97.27.90,Flyer advertising an evening of jazz at NYU Loeb Student Center,fliers,Fliers (printed matter),https://nmaahc.si.edu/object/nmaahc_2015.97.27.90,"This flyer announces an evening of jazz at NYU Loeb Student Center put on by Jack Kleinsinger Presents Highlights in Jazz!. The flyer is dark pink with black letters. The top of the flyer reads: [Jack Kleinsinger Presents / Highlights in Jazz!]. [Wednesday / Mar.17th, 8pm / ACCENT / ON PERCUSSION] is typed in large bolded font in the center of the page. The names of the performers are listed below the title. Location and ticket information are given at the bottom of the flyer. The black of the flyer is blank except for text handwritten in the center that reads [1976].",17-Mar-76,1976,1970,https://ids.si.edu/ids/deliveryService?id=NMAAHC-2015_97_27_90_001&max=300,NMAAHC-2015_97_27_90_001.jpg,Pan Africanism
edanmdm-nmaahc_2015.97.27.24,Flyer advertising a protest against the sale of the Krugerrand,fliers,Fliers (printed matter),https://nmaahc.si.edu/object/nmaahc_2015.97.27.24,"This flyer advertises a protest against the sale of the Krugerrand, a South African gold coin. The flyer has browned with age and has a few liquid stains along the left edge. The title reads: [INCAR Says: SAME ENEMY, SAME FIGHT / STOP THE SALE OF THE KRUGERRAND]. There are several paragraphs of text describing effects of the Krugerrand. Protest information is given at the bottom of the page and reads [Assemble: 41 E. 42 ST, (between 5th & Madison) / at 12 Noon Saturday Dec. 10, 1977 / For more info: call 989-5499]. The other side repeats the same information in Spanish.",1977,1977,1970,https://ids.si.edu/ids/deliveryService?id=NMAAHC-2015_97_27_24_001&max=300,NMAAHC-2015_97_27_24_001.jpg,Pan Africanism
edanmdm-nmaahc_2015.97.27.42,Flyer advertising a donation drive to support African Freedom Fighters,fliers,Fliers (printed matter),https://nmaahc.si.edu/object/nmaahc_2015.97.27.42,"This flyer advertises a donation drive to support African Freedom Fighters to students and faculty at Brooklyn College. The flyer is yellow with black text and features an illustration of a figure standing with a book held aloft in his raised proper right hand and a rifle in the other hand. The top of the flyer reads: [SUPPORT AFRICAN FREEDOM FIGHTERS]. Large block letters in the center of the flyer read: [MATERIAL / AID WEEK]. Text inside of a box below the illustration reads: [AFRICAN LIBERATION DAY / MAY 28, Washington, D.C. / JOIN THE / SOWETO / CONTINGENT / Join the Soweto Contingent of youth and / students for the African Liberation Day / March on May 28th in Washington, D.C. / BUS TICKETS AVAILABLE - 284-2514]. The back of the flyer discusses union elections of the United Workers Organization.",May-77,1977,1970,https://ids.si.edu/ids/deliveryService?id=NMAAHC-2015_97_27_42_001&max=300,NMAAHC-2015_97_27_42_001.jpg,Anti-apartheid movements
edanmdm-nmaahc_2015.97.27.5,Pamphlet for the 1977 March on the White House for African Liberation,pamphlets,Pamphlets,https://nmaahc.si.edu/object/nmaahc_2015.97.27.5,"This pamphlet announces a march on the White House for African liberation. The flyer is white but has browned with age, has black text and features a photograph of people protesting. The text on the cover reads: [Victory to the People / of Southern Africa!] [MARCH ON / THE WHITE HOUSE / AFRICAN LIBERATION DAY / SAT., MAY 28 / There will be speakers from ZANU Zimbabwe African Nationalist Union / and PAC Pan Africanist Congress / AFRICAN LIBERATION DAY COALITION]. The interior pages, two in total, contain information about different political and activist movements in Africa and has the title [FIGHT IMPERIALISM AND NATIONAL OPRRESION / FROM THE USA TO THE USA!]. The back of the pamphlet has additional information about the sponsors of the march and where to meet to start on the day of the march.",1977,1977,2010,https://ids.si.edu/ids/deliveryService?id=NMAAHC-2015_97_27_5_001&max=300,NMAAHC-2015_97_27_5_001.jpg,Pan Africanism
edanmdm-nmaahc_2015.97.27.6,Flyer announcing a protest against apartheid in South Africa,fliers,Fliers (printed matter),https://nmaahc.si.edu/object/nmaahc_2015.97.27.6,"This flyer announces a protest against apartheid in South Africa. The flyer is white with black text and features an illustration of the African continent. Inside illustration of the continent there is an image of a man behind bars. The flyer reads: [MARCH against / slavery, fascism & / genocide in / SOUTH / AFRICA / U.S. / corporations / out of South Africa! / Sat. / Dec. 10 / Rally: 1:00 / at the / Chase Manhattan Bank / 40 W. 34th St. (near Herald Sq.) / Africa / for the / African / people! / Down with racism here and abroad! / Death to apartheid!]. The back of the flyer is blank except for text written on the bottom left that reads: [1977].",1977,1977,1970,https://ids.si.edu/ids/deliveryService?id=NMAAHC-2015_97_27_6_001_&max=300,NMAAHC-2015_97_27_6_001_.jpg,Pan Africanism
edanmdm-nmaahc_2013.200.2,"Placard reading ""Sanction South Africa Now!""",placards,Placards (information artifacts),https://nmaahc.si.edu/object/nmaahc_2013.200.2,"The placard is somewhat larger than an average human torso, white, and rectangular. It is relatively sturdy paper, similar to thick cardstock, with two punched holes, roughly seven inches apart, centered at the top. String threads through both holes and is meant to support the weight of the placard when hung around the neck. There are 4 lines of large black text centered on the placard's front which reads: [SANCTION/SOUTH/AFRICA/NOW!]. ""NOW!"" also has a bolded underline.",late 20th century,1990,1990,https://ids.si.edu/ids/deliveryService?id=NMAAHC-E38F6F8CF27E2_1001&max=300,NMAAHC-E38F6F8CF27E2_1001.jpg,Civil Rights Movement
edanmdm-nmaahc_2014.117.1,Placard calling for reparations for the Tulsa Race Massacre,placards,picket signs,https://nmaahc.si.edu/object/nmaahc_2014.117.1,A handmade placard that reads “GIVE / ENOUGH! / REPARATIONS / NOW!” on one side. The sign is written in black marker on a white piece of poster board and is attached to a wooden stake with five metal staples.,ca. 2001,2001,2000,https://ids.si.edu/ids/deliveryService?id=NMAAHC-2014_117_1_001&max=300,NMAAHC-2014_117_1_001.jpg,Pan Africanism
edanmdm-nmaahc_2015.97.13,Evidence of Intimidation & Fascist Crimes by USA: The War on the Black Panther Party 1968 - 1969,posters,Posters,https://nmaahc.si.edu/object/nmaahc_2015.97.13,"This is a timeline poster about violence and killings against Black Panther members by the police. This rectangular poster consists of rows of squares that mark the days of each month. Various squares are blacked out or filled with color or patterns. These colors and patterns correspond to a legend at the bottom of the poster. Scattered throughout the poster are small black and white vignettes of individuals who were persecuted by the police. Text at the top of the poster reads ""Evidence of Intimated & Fascist Crimes by USA/ The war on the Black Panther Party 1968-1969."" On the poster's bottom margin in the right corner is text that reads ""Source: The Black Panther Black Community News Service.""",2010,2010,1960,https://ids.si.edu/ids/deliveryService?id=NMAAHC-2015_97_13_001&max=300,NMAAHC-2015_97_13_001.jpg,Black Lives Matter
edanmdm-nmaahc_2015.211.2,"Placard with ""Stop the War on Black America"" used at protests in Washington, DC",placards,picket signs,https://nmaahc.si.edu/object/nmaahc_2015.211.2,"This sign was carried at Black Lives Matter protests between August and December 2014 in Washington, DC, including demonstrations for Mike Brown on August 23, 2014, Eric Garner on December 3, 2014, and Tamir Rice on December 13, 2014.",2014,2014,2010,https://ids.si.edu/ids/deliveryService?id=NMAAHC-2015_211_2_001&max=300,NMAAHC-2015_211_2_001.jpg,Civil Rights Movement
edanmdm-nmaahc_2015.211.3,"Placard calling for an end to police terror used at protests in Washington, DC",placards,picket signs,https://nmaahc.si.edu/object/nmaahc_2015.211.3,"This sign was carried at Black Lives Matter protests between August and December 2014 in Washington, DC, including demonstrations for Mike Brown on August 23, 2014, Eric Garner on December 3, 2014, and Tamir Rice on December 13, 2014.",2014,2014,2010,https://ids.si.edu/ids/deliveryService?id=NMAAHC-2015_211_3_001&max=300,NMAAHC-2015_211_3_001.jpg,Black Lives Matter
edanmdm-nmaahc_2015.251.1,"Sign stating ""End Racist Terror!"" used at Million Man March 20th Anniversary",signs,Signs (declaratory or advertising artifacts),https://nmaahc.si.edu/object/nmaahc_2015.251.1,A sign protesting police terror.,2015,2015,1970,https://ids.si.edu/ids/deliveryService?id=NMAAHC-2015_251_1_001&max=300,NMAAHC-2015_251_1_001.jpg,Black Lives Matter
edanmdm-nmaahc_2015.251.14.2,"Pinback button stating ""Black Lives Matter Everyday"", from MMM 20th Anniversary",buttons,Buttons (information artifacts),https://nmaahc.si.edu/object/nmaahc_2015.251.14.2,A black pinback button.,2015,2015,2010,https://ids.si.edu/ids/deliveryService?id=NMAAHC-2015_251_14_2_001&max=300,NMAAHC-2015_251_14_2_001.jpg,Black Lives Matter
edanmdm-nmaahc_2015.251.14.3,"Pinback button stating ""Justice Or Else 10-10-2015"", from MMM 20th Anniversary",buttons,Buttons (information artifacts),https://nmaahc.si.edu/object/nmaahc_2015.251.14.3,A white pinback button.,2015,2015,2010,https://ids.si.edu/ids/deliveryService?id=NMAAHC-2015_251_14_3_001&max=300,NMAAHC-2015_251_14_3_001.jpg,Black Lives Matter
edanmdm-nmaahc_2015.251.2,"Placard stating ""Black Lives Matter"" used at Million Man March 20th Anniversary",placards,Placards (information artifacts),https://nmaahc.si.edu/object/nmaahc_2015.251.2,"A white, rectangular ""Black Lives Matter!!"" placard.",2015,2015,2010,https://ids.si.edu/ids/deliveryService?id=NMAAHC-2015_251_2_001&max=300,NMAAHC-2015_251_2_001.jpg,Black Lives Matter
edanmdm-nmaahc_2015.251.8.1-.2,Pan African flags used at the Million Man March 20th Anniversary,other,Flags,https://nmaahc.si.edu/object/nmaahc_2015.251.8.1-.2,Two Pan-African flags.,2015,2015,1970,https://ids.si.edu/ids/deliveryService?id=NMAAHC-2015_251_8_1_001-000001&max=300,NMAAHC-2015_251_8_1_001-000001.jpg,Black Lives Matter
edanmdm-nmaahc_2016.22.11,"Prop from dance recital performance ""Dance to Glory"" by Studio A",signs,Signs (declaratory or advertising artifacts),https://nmaahc.si.edu/object/nmaahc_2016.22.11,"This cardboard sign is a rectangular piece of cardboard with handwritten text in black marker. The text reads ""We/ Shall/ Oversome."" The back is blank.",2015,2015,2010,https://ids.si.edu/ids/deliveryService?id=NMAAHC-2016_22_11_001&max=300,NMAAHC-2016_22_11_001.jpg,Black Lives Matter
edanmdm-nmaahc_2016.22.2,"Prop from dance recital performance ""Dance to Glory"" by Studio A",signs,Signs (declaratory or advertising artifacts),https://nmaahc.si.edu/object/nmaahc_2016.22.2,"This cardboard sign is a rectangular piece of cardboard with with text in plastic cutout letters attached via adhesive, and also handwritten text in black marker. The text reads ""Equal/ Rights/ Continue/ 2 Fight"" There is a narrow flat stick of wood mounted to the back with adhesive as a handle. The back is blank.",2015,2015,1960,https://ids.si.edu/ids/deliveryService?id=NMAAHC-2016_22_2_001&max=300,NMAAHC-2016_22_2_001.jpg,Black Lives Matter
edanmdm-nmaahc_2016.22.3,"Prop from dance recital performance ""Dance to Glory"" by Studio A",signs,Signs (declaratory or advertising artifacts),https://nmaahc.si.edu/object/nmaahc_2016.22.3,"This cardboard sign is a rectangular piece of cardboard with with text in plastic cutout letters attached via adhesive, and also handwritten text in black marker. The text reads ""Justice/ For/ All."" There is a narrow flat stick of wood mounted to the back with adhesive as a handle. The back is blank.",2015,2015,2010,https://ids.si.edu/ids/deliveryService?id=NMAAHC-2016_22_3_001&max=300,NMAAHC-2016_22_3_001.jpg,Black Lives Matter
edanmdm-nmaahc_2016.22.4,"Prop from dance recital performance ""Dance to Glory"" by Studio A",signs,Signs (declaratory or advertising artifacts),https://nmaahc.si.edu/object/nmaahc_2016.22.4,"This cardboard sign is a rectangular piece of cardboard with handwritten text in black marker. The text reads ""We/ March/ For/ Women's/Rights."" There is a narrow flat stick of wood mounted to the back with adhesive as a handle. The back is blank.",2015,2015,2010,https://ids.si.edu/ids/deliveryService?id=NMAAHC-2016_22_4_001&max=300,NMAAHC-2016_22_4_001.jpg,Black Lives Matter
edanmdm-nmaahc_2016.22.5,"Prop from dance recital performance ""Dance to Glory"" by Studio A",signs,Signs (declaratory or advertising artifacts),https://nmaahc.si.edu/object/nmaahc_2016.22.5,"This cardboard sign is a rectangular piece of cardboard with handwritten text in black marker. The text reads ""All/ Men/ Are/ Created/ Equal."" There is a narrow flat stick of wood mounted to the back with adhesive as a handle. The back is blank.",2015,2015,2010,https://ids.si.edu/ids/deliveryService?id=NMAAHC-2016_22_5_001&max=300,NMAAHC-2016_22_5_001.jpg,Black Lives Matter
edanmdm-nmaahc_2016.22.6,"Prop from dance recital performance ""Dance to Glory"" by Studio A",signs,Signs (declaratory or advertising artifacts),https://nmaahc.si.edu/object/nmaahc_2016.22.6,"This cardboard sign is a rectangular piece of cardboard with text in plastic cutout letter attached via adhesive, and also handwritten text in black marker. The text reads ""Stop/ the/ Racism."" There is an octangular piece of paper with a picture of an outward facing palm colored in green, adhered to the top left corner. There is a narrow flat stick of wood mounted to the back with adhesive as a handle. The back is blank.",2015,2015,2010,https://ids.si.edu/ids/deliveryService?id=NMAAHC-2016_22_6_001&max=300,NMAAHC-2016_22_6_001.jpg,Black Lives Matter
edanmdm-nmaahc_2016.22.7,"Prop from dance recital performance ""Dance to Glory"" by Studio A",signs,Signs (declaratory or advertising artifacts),https://nmaahc.si.edu/object/nmaahc_2016.22.7,"This cardboard sign is a rectangular piece of cardboard with handwritten text in black marker. The text reads ""Stop/ Racial/ Injustice!"" There is a narrow flat stick of wood as a handle mounted to the back with adhesive. There are also four strips of black tape across the handle and the back of the sign. On the back is a name written in pencil.",2015,2015,2010,https://ids.si.edu/ids/deliveryService?id=NMAAHC-2016_22_7_001&max=300,NMAAHC-2016_22_7_001.jpg,Black Lives Matter
edanmdm-nmaahc_2016.22.8,"Prop from dance recital performance ""Dance to Glory"" by Studio A",signs,Signs (declaratory or advertising artifacts),https://nmaahc.si.edu/object/nmaahc_2016.22.8,"This cardboard sign is a rectangular piece of cardboard with text in plastic cutout letters attached via adhesive, and also handwritten in black marker. The text reads ""We/ Shall/ Over/ come"" There is a narrow flat stick of wood as a handle mounted to the back with adhesive. There are also five strips of black tape across the handle and the back of the sign. The back is blank.",2015,2015,1960,https://ids.si.edu/ids/deliveryService?id=NMAAHC-2016_22_8_001&max=300,NMAAHC-2016_22_8_001.jpg,Black Lives Matter
edanmdm-nmaahc_2016.22.9,"Prop from dance recital performance ""Dance to Glory"" by Studio A",signs,Signs (declaratory or advertising artifacts),https://nmaahc.si.edu/object/nmaahc_2016.22.9,"This cardboard sign is a rectangular piece of cardboard with handwritten text in black marker. The text reads ""Power to the People"". There is a narrow flat stick of wood as a handle mounted to the back with adhesive. There are also four strips of black tape across the handle and the back of the sign. There are two names written on the back.",2015,2015,2010,https://ids.si.edu/ids/deliveryService?id=NMAAHC-2016_22_9_001&max=300,NMAAHC-2016_22_9_001.jpg,Black Lives Matter
edanmdm-nmaahc_2016.59.10,"Placard reading ""Stop racism now"" used at Baltimore protests",placards,Placards (information artifacts),https://nmaahc.si.edu/object/nmaahc_2016.59.10,"This placard calls for the end of racism. The placard consists of two yellow peices of paper stapled to a white poster board. The text is typed in black letters and reads [STOP / RACISM/ NOW!]. The word ""stop"" is in center of a stop sign. Text in the bottom half of the sign is inside a black rectangle and reads [PEOPLES POWER / ASSEMBLY / 443-221-3775]. The other side of the placard reads [JUSTICE 4 / FREDDIE GREY / Peoples Power / Assembly / 443-221-3775]. The wooden handle is covered by masking tape.",15-Apr,2015,1960,https://ids.si.edu/ids/deliveryService?id=NMAAHC-2016_59_10_001&max=300,NMAAHC-2016_59_10_001.jpg,Black Lives Matter
edanmdm-nmaahc_2016.59.13,"Placard reading ""community control of police now"" used at Baltimore protests",placards,Placards (information artifacts),https://nmaahc.si.edu/object/nmaahc_2016.59.13,"This placard demands community control of the police and states that black lives matter. One side of the placard reads [community / control / of / POLICE! / NOW]. The word ""community"" is written in black; ""control"" is written in red and blue and in cursive; ""police"" is written in blue; ""now"" is written in black and red block letters and is underlined twice. The other side of the placard is white with black repeating text that reads [BLACK / LIVES / MATTER / BLACK / LIVES / MATTER]. The poster board used for this side of the placard is larger than the other side. The placard is torn and the bottom and worn from use. The bottom half of the wooden handle is covered in masking tape.",15-Apr,2015,2010,https://ids.si.edu/ids/deliveryService?id=NMAAHC-2016_59_13_002-000001&max=300,NMAAHC-2016_59_13_002-000001.jpg,Black Lives Matter
edanmdm-nmaahc_2016.59.4,"Poster reading ""Race is not a crime"" used at Baltimore protests",placards,Placards (information artifacts),https://nmaahc.si.edu/object/nmaahc_2016.59.4,"This protest poster is white and has text that reads [Race / is not / a crime]. The text is handwritten in black marker and there is a brown stain on the bottom of the poster just left of center. There are no images or text on the back. This placard was used during the Freddie Gray protests in Baltimore, Maryland.",15-Apr,2015,2010,https://ids.si.edu/ids/deliveryService?id=NMAAHC-2016_59_4_001&max=300,NMAAHC-2016_59_4_001.jpg,Black Lives Matter
edanmdm-nmaahc_2016.59.5,"Poster reading ""All night all day we will fight for freddie gray""",placards,Placards (information artifacts),https://nmaahc.si.edu/object/nmaahc_2016.59.5,"This protest poster is white with text that reads [ALL NIGHT / ALL DAY / WE WILL FIGHT / for / FREDDIE GRAY]. ""All night all day we will fight"" is written in black marker, the word 'for' is written in orange marker and ""Freddie Gray"" is written in black and burgandy marker. The poster is dirty and has a footprint on the bottom right corner. The other side of the poster has text written in pencil that reads [ALL NIGHT/ ALL DAY / WE WILL / FIGHT for / FREDDIE GRAY].",15-Apr,2015,2010,https://ids.si.edu/ids/deliveryService?id=NMAAHC-2016_59_5_001&max=300,NMAAHC-2016_59_5_001.jpg,Black Lives Matter
edanmdm-nmaahc_2016.59.7,Placard calling for indictment of police officers used at Baltimore Protests,placards,Placards (information artifacts),https://nmaahc.si.edu/object/nmaahc_2016.59.7,"This placard demands indictment for the 6 police officers involved in the death of Freddie Gray and jobs and education for youth. The placard consists of two yellow peices of paper stapled to a white poster board. The text is typed in black letters that read [INDICT / CONVICT / JAIL! / the 6 police / People's Power Assembly / 443-221-3775]. There is a large tear to the right of the word ""police."" The other side of the placard reads [Jobs & Education / NOT / YOUTH / JAILS! / People's Power Assembly / 443- 221-3775]. The four corners of the placard are held together with clear tape and the wooden handle is partially covered with masking tape.",15-Apr,2015,1950,https://ids.si.edu/ids/deliveryService?id=NMAAHC-2016_59_7_001&max=300,NMAAHC-2016_59_7_001.jpg,Black Lives Matter
edanmdm-nmaahc_2016.59.8,"Placard reading ""JUSTICE 4 FREDDIE GREY"" used at Baltimore Protests",placards,Placards (information artifacts),https://nmaahc.si.edu/object/nmaahc_2016.59.8,This placard demands justice for Freddie Gray and jobs and education for youth. The placard consists of yellow peices of paper stapled to a white poster board. One side of the placard has text typed in black letters that reads [JUSTICE 4 FREDDIE GREY! / Peoples Power / Assembly / 443-221-3775]. The other side of the placard reads [Jobs & / Education / NOT / YOUTH / JAILS! / Peoples Power Assembly / 443-221-3775]. The wooden handle is covered by masking tape.,15-Apr,2015,2010,https://ids.si.edu/ids/deliveryService?id=NMAAHC-2016_59_8_001&max=300,NMAAHC-2016_59_8_001.jpg,Black Lives Matter
edanmdm-nmaahc_2017.85.1,"Poster from Women's March on Washington reading ""Juntos se puede""",posters,Posters,https://nmaahc.si.edu/object/nmaahc_2017.85.1,"Poster from the 2017 Women’s March on Washington. The printed blue poster has central white text which reads [JUNTOS / SE PUEDE] in Spanish, which translates as ""Together We Can."" There is a small Teamsters logo in the lower left corner with text for [® GCC/IBT [inside oval] 274C]. The design is repeated on both sides.",2017,2017,2010,https://ids.si.edu/ids/deliveryService?id=NMAAHC-2017_85_1_001&max=300,NMAAHC-2017_85_1_001.jpg,Civil Rights Movement
edanmdm-nmaahc_2021.10.3.2,"Pinback button reading ""Students for Mary Ellen""",buttons,Buttons (information artifacts),https://nmaahc.si.edu/object/nmaahc_2021.10.3.2,Pinback button from the Georgetown student referendum on semesterly fee to benefit descendants of the 272 enslaved people sold by Georgetown University in 1838. The button is round with gold letters reading [STUDENTS FOR / MARY ELLEN] and white letters reading [#STUDENTSFORTHE272] against a navy background.,2019,2019,2010,https://ids.si.edu/ids/deliveryService?id=NMAAHC-2021_10_3_2_001&max=300,NMAAHC-2021_10_3_2_001.jpg,Civil Rights Movement
